Year,Unemployment Rate
2010,9.608333333
2015,5.274999917
2020,8.10833425
2025,4.1950285
2030,4.53427525
2035,4.53427525
2040,4.53427525
2045,4.53427525
2050,4.53427525
